Wariant,N_Ecoli,N_Ecoli_FP,Empirical_FDR_pct,N_UPS_Matched,Correlation,RMSE
Median (bez imputacji),2041,0,0,33,0.9861111105884658,1.3124184685374016
VSN,2041,0,0,33,0.9800521891666111,1.3397698637914341
